{
  "attributes": {
    "archived": {
      "count": 98101232,
      "prevalence": 1.0,
      "value_types": {
        "bool": {
          "count": 98101232,
          "unique_values": {
            "false": 98043659,
            "true": 57573
          }
        }
      }
    },
    "author": {
      "count": 98101232,
      "prevalence": 1.0,
      "value_types": {
        "str": {
          "count": 98101232,
          "length_sum": 1078804653,
          "max_length": 20,
          "mean_length": 10.996851222011157,
          "min_length": 2,
          "unique_values": "Too Many"
        }
      }
    },
    "author_cakeday": {
      "count": 310984,
      "prevalence": 0.0031700315445579727,
      "value_types": {
        "bool": {
          "count": 310984,
          "unique_values": {
            "true": 310984
          }
        }
      }
    },
    "author_flair_background_color": {
      "count": 189004,
      "prevalence": 0.0019266220836044138,
      "value_types": {
        "null": {
          "count": 144800
        },
        "str": {
          "count": 44204,
          "length_sum": 5068,
          "max_length": 7,
          "mean_length": 0.1146502578952131,
          "min_length": 0,
          "unique_values": {
            "": 43480,
            "#000000": 3,
            "#0000ff": 45,
            "#003399": 33,
            "#004a8d": 1,
            "#00539f": 2,
            "#006341": 5,
            "#0079d3": 8,
            "#0080ff": 2,
            "#0085e8": 4,
            "#00a6a5": 1,
            "#00ffff": 2,
            "#014980": 13,
            "#0dd3bb": 2,
            "#1ff829": 2,
            "#2e51a2": 59,
            "#33a8ff": 1,
            "#373c3f": 4,
            "#3d3e50": 1,
            "#3d9b35": 1,
            "#455a64": 1,
            "#463f42": 1,
            "#46d160": 14,
            "#4f92d1": 1,
            "#54ff9f": 77,
            "#585858": 4,
            "#592b80": 1,
            "#5f9dd2": 3,
            "#6339b9": 6,
            "#634918": 1,
            "#646d73": 1,
            "#7193ff": 6,
            "#73ba25": 3,
            "#74c4ff": 1,
            "#76b900": 6,
            "#78d462": 1,
            "#7a02ca": 1,
            "#7a383e": 5,
            "#7d675d": 9,
            "#83acfa": 32,
            "#8edc9d": 3,
            "#94e044": 10,
            "#958bc3": 1,
            "#9e8d49": 4,
            "#a4ca39": 5,
            "#b20e22": 1,
            "#b8001f": 1,
            "#bbbdbf": 15,
            "#c38aaa": 7,
            "#c835c8": 2,
            "#c8a521": 6,
            "#cc3600": 1,
            "#cc5289": 2,
            "#cc8b00": 1,
            "#d14841": 2,
            "#d7ccc8": 3,
            "#dadada": 17,
            "#e41482": 5,
            "#e9ecec": 1,
            "#ea0027": 14,
            "#eb3305": 2,
            "#edbbb2": 1,
            "#edeff1": 14,
            "#eef7fa": 5,
            "#f0f3f5": 2,
            "#f14f25": 1,
            "#f3c0f3": 7,
            "#f5f5f5": 7,
            "#f8aeb0": 4,
            "#faa01a": 3,
            "#fc591b": 4,
            "#ff4500": 29,
            "#ff66ac": 99,
            "#ff8040": 2,
            "#ff8080": 1,
            "#ff8e3e": 1,
            "#ffb000": 4,
            "#ffcc00": 1,
            "#ffd635": 5,
            "#ffe26f": 1,
            "#ffff00": 10,
            "#ffff80": 5,
            "#ffffff": 52
          }
        }
      }
    },
    "author_flair_css_class": {
      "count": 98101232,
      "prevalence": 1.0,
      "value_types": {
        "null": {
          "count": 69694788
        },
        "str": {
          "count": 28406444,
          "length_sum": 238333399,
          "max_length": 100,
          "mean_length": 8.390117362102767,
          "min_length": 0,
          "unique_values": "Too Many"
        }
      }
    },
    "author_flair_richtext": {
      "count": 175506,
      "prevalence": 0.0017890295200370164,
      "value_types": {
        "list": {
          "count": 175506,
          "max_length": 5,
          "mean_length": 0.22860756897200096,
          "min_length": 0,
          "unique_lengths": {
            "0": 135588,
            "1": 39785,
            "2": 89,
            "3": 24,
            "4": 13,
            "5": 7
          }
        }
      }
    },
    "author_flair_template_id": {
      "count": 98101232,
      "prevalence": 1.0,
      "value_types": {
        "null": {
          "count": 86896889
        },
        "str": {
          "count": 11204343,
          "length_sum": 403356348,
          "max_length": 36,
          "mean_length": 36.0,
          "min_length": 36,
          "unique_values": "Too Many"
        }
      }
    },
    "author_flair_text": {
      "count": 98101232,
      "prevalence": 1.0,
      "value_types": {
        "null": {
          "count": 69244499
        },
        "str": {
          "count": 28856733,
          "length_sum": 383582523,
          "max_length": 105,
          "mean_length": 13.29265246346494,
          "min_length": 0,
          "unique_values": "Too Many"
        }
      }
    },
    "author_flair_text_color": {
      "count": 189004,
      "prevalence": 0.0019266220836044138,
      "value_types": {
        "null": {
          "count": 144800
        },
        "str": {
          "count": 44204,
          "length_sum": 177308,
          "max_length": 5,
          "mean_length": 4.01113021446023,
          "min_length": 4,
          "unique_values": {
            "dark": 43712,
            "light": 492
          }
        }
      }
    },
    "author_flair_type": {
      "count": 175506,
      "prevalence": 0.0017890295200370164,
      "value_types": {
        "str": {
          "count": 175506,
          "length_sum": 861696,
          "max_length": 8,
          "mean_length": 4.909780862192745,
          "min_length": 4,
          "unique_values": {
            "richtext": 39918,
            "text": 135588
          }
        }
      }
    },
    "body": {
      "count": 98101232,
      "prevalence": 1.0,
      "value_types": {
        "str": {
          "count": 98101232,
          "length_sum": 16280913961,
          "max_length": 235466,
          "mean_length": 165.9603414664558,
          "min_length": 0,
          "unique_values": "Too Many"
        }
      }
    },
    "can_gild": {
      "count": 98101232,
      "prevalence": 1.0,
      "value_types": {
        "bool": {
          "count": 98101232,
          "unique_values": {
            "false": 1228781,
            "true": 96872451
          }
        }
      }
    },
    "can_mod_post": {
      "count": 98101139,
      "prevalence": 0.9999990519996732,
      "value_types": {
        "bool": {
          "count": 98101139,
          "unique_values": {
            "false": 98101139
          }
        }
      }
    },
    "controversiality": {
      "count": 98101232,
      "prevalence": 1.0,
      "value_types": {
        "int": {
          "count": 98101232,
          "max": 1,
          "mean": 0.021816800425095578,
          "min": 0,
          "sum": 2140255,
          "unique_values": {
            "0": 95960977,
            "1": 2140255
          }
        }
      }
    },
    "created_utc": {
      "count": 98101232,
      "prevalence": 1.0,
      "value_types": {
        "int": {
          "count": 98101232,
          "max": 1525132799,
          "mean": 1523831048.2497265,
          "min": 1522540800,
          "sum": 149489703193149617,
          "unique_values": "Too Many"
        }
      }
    },
    "distinguished": {
      "count": 98101232,
      "prevalence": 1.0,