{
  "attributes": {
    "archived": {
      "count": 107330940,
      "prevalence": 1.0,
      "value_types": {
        "bool": {
          "count": 107330940,
          "unique_values": {
            "false": 107237850,
            "true": 93090
          }
        }
      }
    },
    "author": {
      "count": 107330940,
      "prevalence": 1.0,
      "value_types": {
        "str": {
          "count": 107330940,
          "length_sum": 1184824909,
          "max_length": 20,
          "mean_length": 11.038987537051293,
          "min_length": 2,
          "unique_values": "Too Many"
        }
      }
    },
    "author_cakeday": {
      "count": 335782,
      "prevalence": 0.003128473485837355,
      "value_types": {
        "bool": {
          "count": 335782,
          "unique_values": {
            "true": 335782
          }
        }
      }
    },
    "author_created_utc": {
      "count": 99697007,
      "prevalence": 0.9288748146620164,
      "value_types": {
        "int": {
          "count": 96932462,
          "max": 1535663048,
          "mean": 1445214370.2291684,
          "min": 1118030400,
          "sum": 140088187024092797,
          "unique_values": "Too Many"
        },
        "null": {
          "count": 2764545
        }
      }
    },
    "author_flair_background_color": {
      "count": 107330940,
      "prevalence": 1.0,
      "value_types": {
        "null": {
          "count": 73296706
        },
        "str": {
          "count": 34034234,
          "length_sum": 8624258,
          "max_length": 11,
          "mean_length": 0.2533995035704344,
          "min_length": 0,
          "unique_values": "Too Many"
        }
      }
    },
    "author_flair_css_class": {
      "count": 107330940,
      "prevalence": 1.0,
      "value_types": {
        "null": {
          "count": 82534896
        },
        "str": {
          "count": 24796044,
          "length_sum": 196395375,
          "max_length": 95,
          "mean_length": 7.920431783392544,
          "min_length": 0,
          "unique_values": "Too Many"
        }
      }
    },
    "author_flair_richtext": {
      "count": 99362806,
      "prevalence": 0.9257610713182983,
      "value_types": {
        "list": {
          "count": 99362806,
          "max_length": 15,
          "mean_length": 0.11899131552303384,
          "min_length": 0,
          "unique_lengths": {
            "0": 89316833,
            "1": 8889855,
            "2": 836236,
            "3": 34263,
            "4": 277403,
            "5": 5204,
            "6": 761,
            "7": 1069,
            "8": 679,
            "9": 312,
            "10": 16,
            "11": 72,
            "12": 63,
            "13": 11,
            "14": 12,
            "15": 17
          }
        }
      }
    },
    "author_flair_template_id": {
      "count": 107330940,
      "prevalence": 1.0,
      "value_types": {
        "null": {
          "count": 94492961
        },
        "str": {
          "count": 12837979,
          "length_sum": 447536772,
          "max_length": 36,
          "mean_length": 34.86037576475238,
          "min_length": 0,
          "unique_values": "Too Many"
        }
      }
    },
    "author_flair_text": {
      "count": 107330940,
      "prevalence": 1.0,
      "value_types": {
        "null": {
          "count": 81926717
        },
        "str": {
          "count": 25404223,
          "length_sum": 363220200,
          "max_length": 162,
          "mean_length": 14.297630752178486,
          "min_length": 0,
          "unique_values": "Too Many"
        }
      }
    },
    "author_flair_text_color": {
      "count": 107330940,
      "prevalence": 1.0,
      "value_types": {
        "null": {
          "count": 73296706
        },
        "str": {
          "count": 34034234,
          "length_sum": 136781190,
          "max_length": 5,
          "mean_length": 4.018929587191532,
          "min_length": 4,
          "unique_values": {
            "dark": 33389980,
            "light": 644254
          }
        }
      }
    },
    "author_flair_type": {
      "count": 99362806,
      "prevalence": 0.9257610713182983,
      "value_types": {
        "str": {
          "count": 99362806,
          "length_sum": 437635116,
          "max_length": 8,
          "mean_length": 4.404415833425638,
          "min_length": 4,
          "unique_values": {
            "richtext": 10045973,
            "text": 89316833
          }
        }
      }
    },
    "author_fullname": {
      "count": 99697007,
      "prevalence": 0.9288748146620164,
      "value_types": {
        "null": {
          "count": 334201
        },
        "str": {
          "count": 99362806,
          "length_sum": 895794976,
          "max_length": 11,
          "mean_length": 9.01539531804285,
          "min_length": 7,
          "unique_values": "Too Many"
        }
      }
    },
    "body": {
      "count": 107330940,
      "prevalence": 1.0,
      "value_types": {
        "str": {
          "count": 107330940,
          "length_sum": 17553049411,
          "max_length": 14988,
          "mean_length": 163.54137409958395,
          "min_length": 0,
          "unique_values": "Too Many"
        }
      }
    },
    "can_gild": {
      "count": 107330940,
      "prevalence": 1.0,
      "value_types": {
        "bool": {
          "count": 107330940,
          "unique_values": {
            "false": 1460232,
            "true": 105870708
          }
        }
      }
    },
    "can_mod_post": {
      "count": 107330940,
      "prevalence": 1.0,
      "value_types": {
        "bool": {
          "count": 107330940,
          "unique_values": {
            "false": 107330940
          }
        }
      }
    },
    "collapsed": {
      "count": 107330940,
      "prevalence": 1.0,
      "value_types": {
        "bool": {
          "count": 107330940,
          "unique_values": {
            "false": 101604525,
            "true": 5726415
          }
        }
      }
    },
    "collapsed_reason": {
      "count": 107330940,
      "prevalence": 1.0,
      "value_types": {
        "null": {
          "count": 105776851
        },
        "str": {
          "count": 1554089,
          "length_sum": 45068581,
          "max_length": 29,
          "mean_length": 29.0,
          "min_length": 29,
          "unique_values": {
            "comment score below threshold": 1554089
          }
        }
      }
    },
    "controversiality": {
      "count": 107330940,
      "prevalence": 1.0,
      "value_types": {
        "int": {
          "count": 107330940,
          "max": 1,
          "mean": 0.02262900147897708,
          "min": 0,
          "sum": 2428792,
          "unique_values": {
            "0": 104902148,
            "1": 2428792
          }
        }
      }
    },
    "created_utc": {
      "count": 107330940,
      "prevalence": 1.0,
      "value_types": {
        "int": {
          "count": 107330940,
          "max": 1535759999,
          "mean": 1534417678.2717175,
          "min": 1533081600,
          "sum": 164690491761521021,
          "unique_values": "Too Many"
        }
      }
    },
    "distinguished": {
      "count": 107330940,
      "prevalence": 1.0,
      "value_types": {
        "null": {
          "count": 105816597
        },
        "str": {
          "count": 1514343,
          "length_sum": 13626283,
          "max_length": 9,
          "mean_length": 8.998148371934231,
          "min_length": 5,
          "unique_values": {
            "admin": 700,
            "moderator": 1513641,
            "special": 2
          }
        }
      }
    },