{
  "attributes": {
    "archived": {
      "count": 59649707,
      "prevalence": 0.9999999832354586,
      "value_types": {
        "bool": {
          "count": 59649707,
          "unique_values": {
            "false": 59608397,
            "true": 41310
          }
        }
      }
    },
    "author": {
      "count": 59649707,
      "prevalence": 0.9999999832354586,
      "value_types": {
        "str": {
          "count": 59649707,
          "length_sum": 658898497,
          "max_length": 20,
          "mean_length": 11.046131324668535,
          "min_length": 3,
          "unique_values": "Too Many"
        }
      }
    },
    "author_cakeday": {
      "count": 189003,
      "prevalence": 0.003168548620556533,
      "value_types": {
        "bool": {
          "count": 189003,
          "unique_values": {
            "true": 189003
          }
        }
      }
    },
    "author_created_utc": {
      "count": 59649707,
      "prevalence": 0.9999999832354586,
      "value_types": {
        "int": {
          "count": 55383821,
          "max": 1537273704,
          "mean": 1447089444.5884163,
          "min": 1118030400,
          "sum": 80145342770074273,
          "unique_values": "Too Many"
        },
        "null": {
          "count": 4265886
        }
      }
    },
    "author_flair_background_color": {
      "count": 59649707,
      "prevalence": 0.9999999832354586,
      "value_types": {
        "null": {
          "count": 40557484
        },
        "str": {
          "count": 19092223,
          "length_sum": 5411149,
          "max_length": 11,
          "mean_length": 0.28342163193882663,
          "min_length": 0,
          "unique_values": "Too Many"
        }
      }
    },
    "author_flair_css_class": {
      "count": 59649707,
      "prevalence": 0.9999999832354586,
      "value_types": {
        "null": {
          "count": 45455694
        },
        "str": {
          "count": 14194013,
          "length_sum": 124022179,
          "max_length": 95,
          "mean_length": 8.737640229017686,
          "min_length": 0,
          "unique_values": "Too Many"
        }
      }
    },
    "author_flair_richtext": {
      "count": 55394914,
      "prevalence": 0.9286703297860234,
      "value_types": {
        "list": {
          "count": 55394914,
          "max_length": 21,
          "mean_length": 0.14434863099525708,
          "min_length": 0,
          "unique_lengths": {
            "0": 49357443,
            "1": 4962103,
            "2": 629022,
            "3": 22093,
            "4": 417753,
            "5": 3592,
            "6": 1030,
            "7": 935,
            "8": 689,
            "9": 171,
            "10": 12,
            "11": 25,
            "12": 34,
            "13": 1,
            "14": 5,
            "15": 1,
            "21": 5
          }
        }
      }
    },
    "author_flair_template_id": {
      "count": 59649707,
      "prevalence": 0.9999999832354586,
      "value_types": {
        "null": {
          "count": 52335226
        },
        "str": {
          "count": 7314481,
          "length_sum": 254670048,
          "max_length": 36,
          "mean_length": 34.81724103186542,
          "min_length": 0,
          "unique_values": "Too Many"
        }
      }
    },
    "author_flair_text": {
      "count": 59649707,
      "prevalence": 0.9999999832354586,
      "value_types": {
        "null": {
          "count": 45187086
        },
        "str": {
          "count": 14462621,
          "length_sum": 211129656,
          "max_length": 105,
          "mean_length": 14.598298330572307,
          "min_length": 0,
          "unique_values": "Too Many"
        }
      }
    },
    "author_flair_text_color": {
      "count": 59649707,
      "prevalence": 0.9999999832354586,
      "value_types": {
        "null": {
          "count": 40557484
        },
        "str": {
          "count": 19092223,
          "length_sum": 76733197,
          "max_length": 5,
          "mean_length": 4.019081329607348,
          "min_length": 4,
          "unique_values": {
            "dark": 18727918,
            "light": 364305
          }
        }
      }
    },
    "author_flair_type": {
      "count": 55394914,
      "prevalence": 0.9286703297860234,
      "value_types": {
        "str": {
          "count": 55394914,
          "length_sum": 245729540,
          "max_length": 8,
          "mean_length": 4.435958506948851,
          "min_length": 4,
          "unique_values": {
            "richtext": 6037471,
            "text": 49357443
          }
        }
      }
    },
    "author_fullname": {
      "count": 59649707,
      "prevalence": 0.9999999832354586,
      "value_types": {
        "null": {
          "count": 4254793
        },
        "str": {
          "count": 55394914,
          "length_sum": 499854728,
          "max_length": 11,
          "mean_length": 9.023476920642931,
          "min_length": 7,
          "unique_values": "Too Many"
        }
      }
    },
    "author_patreon_flair": {
      "count": 396369,
      "prevalence": 0.006644944515067869,
      "value_types": {
        "bool": {
          "count": 396369,
          "unique_values": {
            "false": 396369
          }
        }
      }
    },
    "body": {
      "count": 59649707,
      "prevalence": 0.9999999832354586,
      "value_types": {
        "str": {
          "count": 59649707,
          "length_sum": 9546465166,
          "max_length": 12967,
          "mean_length": 160.04211329990272,
          "min_length": 0,
          "unique_values": "Too Many"
        }
      }
    },
    "can_gild": {
      "count": 59649707,
      "prevalence": 0.9999999832354586,
      "value_types": {
        "bool": {
          "count": 59649707,
          "unique_values": {
            "false": 1120451,
            "true": 58529256
          }
        }
      }
    },
    "can_mod_post": {
      "count": 59649707,
      "prevalence": 0.9999999832354586,
      "value_types": {
        "bool": {
          "count": 59649707,
          "unique_values": {
            "false": 59649707
          }
        }
      }
    },
    "collapsed": {
      "count": 59649707,
      "prevalence": 0.9999999832354586,
      "value_types": {
        "bool": {
          "count": 59649707,
          "unique_values": {
            "false": 56553885,
            "true": 3095822
          }
        }
      }
    },
    "collapsed_reason": {
      "count": 59649707,
      "prevalence": 0.9999999832354586,
      "value_types": {
        "null": {
          "count": 58775924
        },
        "str": {
          "count": 873783,
          "length_sum": 25339707,
          "max_length": 29,
          "mean_length": 29.0,
          "min_length": 29,
          "unique_values": {
            "comment score below threshold": 873783
          }
        }
      }
    },
    "controversiality": {
      "count": 59649707,
      "prevalence": 0.9999999832354586,
      "value_types": {
        "int": {
          "count": 59649707,
          "max": 1,
          "mean": 0.022595618114268357,
          "min": 0,
          "sum": 1347822,
          "unique_values": {
            "0": 58301885,
            "1": 1347822
          }
        }
      }
    },
    "created_utc": {
      "count": 59649707,
      "prevalence": 0.9999999832354586,
      "value_types": {
        "int": {
          "count": 59649707,
          "max": 1537273770,
          "mean": 1536523861.913146,
          "min": 1535760000,
          "sum": 91653198161627625,
          "unique_values": "Too Many"
        }
      }
    },