{
  "attributes": {
    "approved_by": {
      "count": 58826107,
      "found_in": "both",
      "prevalence": 0.043666369360392435,
      "value_types": {
        "null": {
          "count": 58826107
        }
      }
    },
    "archived": {
      "count": 1072506422,
      "found_in": "both",
      "prevalence": 0.7961169615464255,
      "value_types": {
        "bool": {
          "count": 1072506422,
          "unique_values": {
            "false": 1071804674,
            "true": 701748
          }
        }
      }
    },
    "author": {
      "count": 1347171927,
      "found_in": "both",
      "prevalence": 0.9999999992577042,
      "value_types": {
        "str": {
          "count": 1347171927,
          "length_sum": 14805260190,
          "max_length": 20,
          "min_length": 2,
          "unique_values": "Too Many"
        }
      }
    },
    "author_cakeday": {
      "count": 4315967,
      "found_in": "both",
      "prevalence": 0.003203723971896778,
      "value_types": {
        "bool": {
          "count": 4315967,
          "unique_values": {
            "true": 4315967
          }
        }
      }
    },
    "author_created_utc": {
      "count": 693025016,
      "found_in": "both",
      "prevalence": 0.5144295257316258,
      "value_types": {
        "int": {
          "count": 643022233,
          "max": 1546300721,
          "min": 1118030400,
          "sum": 934415303918152845,
          "unique_values": "Too Many"
        },
        "null": {
          "count": 50002783
        }
      }
    },
    "author_flair_background_color": {
      "count": 840747378,
      "found_in": "both",
      "prevalence": 0.6240832075889278,
      "value_types": {
        "null": {
          "count": 576790734
        },
        "str": {
          "count": 263956644,
          "length_sum": 86018062,
          "max_length": 11,
          "min_length": 0,
          "unique_values": "Too Many"
        }
      }
    },
    "author_flair_css_class": {
      "count": 1347171927,
      "found_in": "both",
      "prevalence": 0.9999999992577042,
      "value_types": {
        "null": {
          "count": 1028002487
        },
        "str": {
          "count": 319169440,
          "length_sum": 2561210913,
          "max_length": 127,
          "min_length": 0,
          "unique_values": "Too Many"
        }
      }
    },
    "author_flair_richtext": {
      "count": 758180141,
      "found_in": "both",
      "prevalence": 0.5627938982707187,
      "value_types": {
        "list": {
          "count": 758180141,
          "max_length": 31,
          "min_length": 0,
          "unique_lengths": {
            "0": 679128422,
            "1": 68707910,
            "10": 1918,
            "11": 1467,
            "12": 275,
            "13": 374,
            "14": 119,
            "15": 256,
            "17": 2,
            "2": 7380592,
            "21": 19,
            "3": 296614,
            "31": 4,
            "4": 2556562,
            "5": 51965,
            "6": 18122,
            "7": 22697,
            "8": 6535,
            "9": 6288
          }
        }
      }
    },
    "author_flair_template_id": {
      "count": 1089480254,
      "found_in": "both",
      "prevalence": 0.8087165649431496,
      "value_types": {
        "null": {
          "count": 967882015
        },
        "str": {
          "count": 121598239,
          "length_sum": 4248694812,
          "max_length": 36,
          "min_length": 0,
          "unique_values": "Too Many"
        }
      }
    },
    "author_flair_text": {
      "count": 1347171927,
      "found_in": "both",
      "prevalence": 0.9999999992577042,
      "value_types": {
        "null": {
          "count": 1020974549
        },
        "str": {
          "count": 326197378,
          "length_sum": 4519576193,
          "max_length": 241,
          "min_length": 0,
          "unique_values": "Too Many"
        }
      }
    },
    "author_flair_text_color": {
      "count": 840747378,
      "found_in": "both",
      "prevalence": 0.6240832075889278,
      "value_types": {
        "null": {
          "count": 576790734
        },
        "str": {
          "count": 263956644,
          "length_sum": 1060941107,
          "max_length": 5,
          "min_length": 4,
          "unique_values": {
            "dark": 258842113,
            "light": 5114531
          }
        }
      }
    },
    "author_flair_type": {
      "count": 758180141,
      "found_in": "both",
      "prevalence": 0.5627938982707187,
      "value_types": {
        "str": {
          "count": 758180141,
          "length_sum": 3348927440,
          "max_length": 8,
          "min_length": 4,
          "unique_values": {
            "richtext": 79051719,
            "text": 679128422
          }
        }
      }
    },
    "author_fullname": {
      "count": 693025016,
      "found_in": "both",
      "prevalence": 0.5144295257316258,
      "value_types": {
        "null": {
          "count": 47098283
        },
        "str": {
          "count": 645926733,
          "length_sum": 5899330116,
          "max_length": 11,
          "min_length": 7,
          "unique_values": "Too Many"
        }
      }
    },
    "author_patreon_flair": {
      "count": 354169528,
      "found_in": "both",
      "prevalence": 0.26289853628838383,
      "value_types": {
        "bool": {
          "count": 354169528,
          "unique_values": {
            "false": 354160704,
            "true": 8824
          }
        }
      }
    },
    "banned_by": {
      "count": 58826107,
      "found_in": "both",
      "prevalence": 0.043666369360392435,
      "value_types": {
        "null": {
          "count": 58826107
        }
      }
    },
    "can_gild": {
      "count": 1325297853,
      "found_in": "both",
      "prevalence": 0.9837629670383096,
      "value_types": {
        "bool": {
          "count": 1325297853,
          "unique_values": {
            "false": 40139786,
            "true": 1285158067
          }
        }
      }
    },
    "can_mod_post": {
      "count": 1014682229,
      "found_in": "both",
      "prevalence": 0.7531943086925724,
      "value_types": {
        "bool": {
          "count": 1014682229,
          "unique_values": {
            "false": 1014682229
          }
        }
      }
    },
    "created_utc": {
      "count": 1347171927,
      "found_in": "both",
      "prevalence": 0.9999999992577042,
      "value_types": {
        "int": {
          "count": 1347171927,
          "max": 1546300799,
          "min": 1514764800,
          "sum": 2062580324145678268,
          "unique_values": "Too Many"
        }
      }
    },
    "distinguished": {
      "count": 1347171927,
      "found_in": "both",
      "prevalence": 0.9999999992577042,
      "value_types": {
        "null": {
          "count": 1329391540
        },
        "str": {
          "count": 17780387,
          "length_sum": 159993055,
          "max_length": 9,
          "min_length": 5,
          "unique_values": {
            "admin": 7602,
            "moderator": 17772775,
            "special": 10
          }
        }
      }
    },
    "edited": {
      "count": 1347171927,
      "found_in": "both",
      "prevalence": 0.9999999992577042,
      "value_types": {
        "bool": {
          "count": 1306243115,
          "unique_values": {
            "false": 1306243115
          }
        },
        "float": {
          "count": 3428038,
          "max": 1537361254.0,
          "min": 1514764966.0,
          "sum": 5229496611182385.0,
          "unique_values": "Too Many"
        },
        "int": {
          "count": 37500774,
          "max": 1548992000,
          "min": 1514764848,
          "sum": 57425307739257068,
          "unique_values": "Too Many"
        }
      }
    },
    "gilded": {
      "count": 1347171927,
      "found_in": "both",
      "prevalence": 0.9999999992577042,