{
  "attributes": {
    "archived": {
      "count": 108151359,
      "prevalence": 1.0,
      "value_types": {
        "bool": {
          "count": 108151359,
          "unique_values": {
            "false": 107999333,
            "true": 152026
          }
        }
      }
    },
    "author": {
      "count": 108151359,
      "prevalence": 1.0,
      "value_types": {
        "str": {
          "count": 108151359,
          "length_sum": 1191512436,
          "max_length": 20,
          "mean_length": 11.017082420573189,
          "min_length": 2,
          "unique_values": "Too Many"
        }
      }
    },
    "author_cakeday": {
      "count": 370776,
      "prevalence": 0.0034283064348733703,
      "value_types": {
        "bool": {
          "count": 370776,
          "unique_values": {
            "true": 370776
          }
        }
      }
    },
    "author_created_utc": {
      "count": 99551067,
      "prevalence": 0.9204791129809103,
      "value_types": {
        "int": {
          "count": 99144858,
          "max": 1533081158,
          "mean": 1444804550.1344185,
          "min": 1118030400,
          "sum": 143244941960830801,
          "unique_values": "Too Many"
        },
        "null": {
          "count": 406209
        }
      }
    },
    "author_flair_background_color": {
      "count": 108151359,
      "prevalence": 1.0,
      "value_types": {
        "null": {
          "count": 71099993
        },
        "str": {
          "count": 37051366,
          "length_sum": 7426832,
          "max_length": 11,
          "mean_length": 0.2004469146967483,
          "min_length": 0,
          "unique_values": "Too Many"
        }
      }
    },
    "author_flair_css_class": {
      "count": 108151359,
      "prevalence": 1.0,
      "value_types": {
        "null": {
          "count": 80997883
        },
        "str": {
          "count": 27153476,
          "length_sum": 225586873,
          "max_length": 100,
          "mean_length": 8.307845117140804,
          "min_length": 0,
          "unique_values": "Too Many"
        }
      }
    },
    "author_flair_richtext": {
      "count": 99551067,
      "prevalence": 0.9204791129809103,
      "value_types": {
        "list": {
          "count": 99551067,
          "max_length": 15,
          "mean_length": 0.10953848440419027,
          "min_length": 0,
          "unique_lengths": {
            "0": 89607096,
            "1": 9183736,
            "2": 655869,
            "3": 26847,
            "4": 69077,
            "5": 4927,
            "6": 483,
            "7": 1389,
            "8": 625,
            "9": 492,
            "10": 350,
            "11": 42,
            "12": 76,
            "13": 35,
            "14": 8,
            "15": 15
          }
        }
      }
    },
    "author_flair_template_id": {
      "count": 108151359,
      "prevalence": 1.0,
      "value_types": {
        "null": {
          "count": 95468364
        },
        "str": {
          "count": 12682995,
          "length_sum": 442780596,
          "max_length": 36,
          "mean_length": 34.91135934375122,
          "min_length": 0,
          "unique_values": "Too Many"
        }
      }
    },
    "author_flair_text": {
      "count": 108151359,
      "prevalence": 1.0,
      "value_types": {
        "null": {
          "count": 80351232
        },
        "str": {
          "count": 27800127,
          "length_sum": 397216156,
          "max_length": 241,
          "mean_length": 14.288285661428812,
          "min_length": 0,
          "unique_values": "Too Many"
        }
      }
    },
    "author_flair_text_color": {
      "count": 108151359,
      "prevalence": 1.0,
      "value_types": {
        "null": {
          "count": 71099993
        },
        "str": {
          "count": 37051366,
          "length_sum": 148825815,
          "max_length": 5,
          "mean_length": 4.016742999434893,
          "min_length": 4,
          "unique_values": {
            "dark": 36431015,
            "light": 620351
          }
        }
      }
    },
    "author_flair_type": {
      "count": 99551067,
      "prevalence": 0.9204791129809103,
      "value_types": {
        "str": {
          "count": 99551067,
          "length_sum": 437980152,
          "max_length": 8,
          "mean_length": 4.39955256330904,
          "min_length": 4,
          "unique_values": {
            "richtext": 9943971,
            "text": 89607096
          }
        }
      }
    },
    "author_fullname": {
      "count": 99551067,
      "prevalence": 0.9204791129809103,
      "value_types": {
        "str": {
          "count": 99551067,
          "length_sum": 892171853,
          "max_length": 11,
          "mean_length": 8.961951688574066,
          "min_length": 7,
          "unique_values": "Too Many"
        }
      }
    },
    "body": {
      "count": 108151359,
      "prevalence": 1.0,
      "value_types": {
        "str": {
          "count": 108151359,
          "length_sum": 17531993843,
          "max_length": 49976,
          "mean_length": 162.10608914308696,
          "min_length": 0,
          "unique_values": "Too Many"
        }
      }
    },
    "can_gild": {
      "count": 108151359,
      "prevalence": 1.0,
      "value_types": {
        "bool": {
          "count": 108151359,
          "unique_values": {
            "false": 1919419,
            "true": 106231940
          }
        }
      }
    },
    "can_mod_post": {
      "count": 108151359,
      "prevalence": 1.0,
      "value_types": {
        "bool": {
          "count": 108151359,
          "unique_values": {
            "false": 108151359
          }
        }
      }
    },
    "collapsed": {
      "count": 108151359,
      "prevalence": 1.0,
      "value_types": {
        "bool": {
          "count": 108151359,
          "unique_values": {
            "false": 102167546,
            "true": 5983813
          }
        }
      }
    },
    "collapsed_reason": {
      "count": 108151359,
      "prevalence": 1.0,
      "value_types": {
        "null": {
          "count": 106560159
        },
        "str": {
          "count": 1591200,
          "length_sum": 46144800,
          "max_length": 29,
          "mean_length": 29.0,
          "min_length": 29,
          "unique_values": {
            "comment score below threshold": 1591200
          }
        }
      }
    },
    "controversiality": {
      "count": 108151359,
      "prevalence": 1.0,
      "value_types": {
        "int": {
          "count": 108151359,
          "max": 1,
          "mean": 0.022884613035699348,
          "min": 0,
          "sum": 2475002,
          "unique_values": {
            "0": 105676357,
            "1": 2475002
          }
        }
      }
    },
    "created_utc": {
      "count": 108151359,
      "prevalence": 1.0,
      "value_types": {
        "int": {
          "count": 108151359,
          "max": 1533081599,
          "mean": 1531742386.8231359,
          "min": 1530403200,
          "sum": 165660020772825848,
          "unique_values": "Too Many"
        }
      }
    },
    "distinguished": {
      "count": 108151359,
      "prevalence": 1.0,
      "value_types": {
        "null": {
          "count": 106684928
        },
        "str": {
          "count": 1466431,
          "length_sum": 13195239,
          "max_length": 9,
          "mean_length": 8.998199710726245,
          "min_length": 5,
          "unique_values": {
            "admin": 660,
            "moderator": 1465771
          }
        }
      }
    },
    "edited": {
      "count": 108151359,
      "prevalence": 1.0,