{
  "attributes": {
    "archived": {
      "count": 112573001,
      "prevalence": 1.0,
      "value_types": {
        "bool": {
          "count": 112573001,
          "unique_values": {
            "false": 112479520,
            "true": 93481
          }
        }
      }
    },
    "author": {
      "count": 112573001,
      "prevalence": 1.0,
      "value_types": {
        "str": {
          "count": 112573001,
          "length_sum": 1239862677,
          "max_length": 20,
          "mean_length": 11.013854707488877,
          "min_length": 2,
          "unique_values": "Too Many"
        }
      }
    },
    "author_cakeday": {
      "count": 354438,
      "prevalence": 0.0031485169343579995,
      "value_types": {
        "bool": {
          "count": 354438,
          "unique_values": {
            "true": 354438
          }
        }
      }
    },
    "author_created_utc": {
      "count": 112573001,
      "prevalence": 1.0,
      "value_types": {
        "int": {
          "count": 102241726,
          "max": 1543622319,
          "mean": 1452947279.265482,
          "min": 1118030400,
          "sum": 148551837619106893,
          "unique_values": "Too Many"
        },
        "null": {
          "count": 10331275
        }
      }
    },
    "author_flair_background_color": {
      "count": 112573001,
      "prevalence": 1.0,
      "value_types": {
        "null": {
          "count": 75999123
        },
        "str": {
          "count": 36573878,
          "length_sum": 19256962,
          "max_length": 11,
          "mean_length": 0.5265222900344338,
          "min_length": 0,
          "unique_values": "Too Many"
        }
      }
    },
    "author_flair_css_class": {
      "count": 112573001,
      "prevalence": 1.0,
      "value_types": {
        "null": {
          "count": 87422359
        },
        "str": {
          "count": 25150642,
          "length_sum": 203956033,
          "max_length": 86,
          "mean_length": 8.109376810341463,
          "min_length": 0,
          "unique_values": "Too Many"
        }
      }
    },
    "author_flair_richtext": {
      "count": 102241857,
      "prevalence": 0.9082271600807729,
      "value_types": {
        "list": {
          "count": 102241857,
          "max_length": 21,
          "mean_length": 0.15363807408153785,
          "min_length": 0,
          "unique_lengths": {
            "0": 90618560,
            "1": 9084163,
            "2": 1769126,
            "3": 58201,
            "4": 685418,
            "5": 10469,
            "6": 5593,
            "7": 5999,
            "8": 1034,
            "9": 1529,
            "10": 645,
            "11": 843,
            "12": 11,
            "13": 111,
            "14": 6,
            "15": 148,
            "21": 1
          }
        }
      }
    },
    "author_flair_template_id": {
      "count": 112573001,
      "prevalence": 1.0,
      "value_types": {
        "null": {
          "count": 97941764
        },
        "str": {
          "count": 14631237,
          "length_sum": 501086160,
          "max_length": 36,
          "mean_length": 34.247696213245675,
          "min_length": 0,
          "unique_values": "Too Many"
        }
      }
    },
    "author_flair_text": {
      "count": 112573001,
      "prevalence": 1.0,
      "value_types": {
        "null": {
          "count": 86869239
        },
        "str": {
          "count": 25703762,
          "length_sum": 380943007,
          "max_length": 110,
          "mean_length": 14.820515650588424,
          "min_length": 0,
          "unique_values": "Too Many"
        }
      }
    },
    "author_flair_text_color": {
      "count": 112573001,
      "prevalence": 1.0,
      "value_types": {
        "null": {
          "count": 75999123
        },
        "str": {
          "count": 36573878,
          "length_sum": 147203722,
          "max_length": 5,
          "mean_length": 4.024832204011836,
          "min_length": 4,
          "unique_values": {
            "dark": 35665668,
            "light": 908210
          }
        }
      }
    },
    "author_flair_type": {
      "count": 102241857,
      "prevalence": 0.9082271600807729,
      "value_types": {
        "str": {
          "count": 102241857,
          "length_sum": 455460616,
          "max_length": 8,
          "mean_length": 4.454737319569616,
          "min_length": 4,
          "unique_values": {
            "richtext": 11623297,
            "text": 90618560
          }
        }
      }
    },
    "author_fullname": {
      "count": 112573001,
      "prevalence": 1.0,
      "value_types": {
        "null": {
          "count": 10331144
        },
        "str": {
          "count": 102241857,
          "length_sum": 934836537,
          "max_length": 11,
          "mean_length": 9.14338378067605,
          "min_length": 7,
          "unique_values": "Too Many"
        }
      }
    },
    "author_patreon_flair": {
      "count": 102241857,
      "prevalence": 0.9082271600807729,
      "value_types": {
        "bool": {
          "count": 102241857,
          "unique_values": {
            "false": 102239554,
            "true": 2303
          }
        }
      }
    },
    "body": {
      "count": 112573001,
      "prevalence": 1.0,
      "value_types": {
        "str": {
          "count": 112573001,
          "length_sum": 17728320282,
          "max_length": 33374,
          "mean_length": 157.482878883188,
          "min_length": 0,
          "unique_values": "Too Many"
        }
      }
    },
    "can_gild": {
      "count": 112573001,
      "prevalence": 1.0,
      "value_types": {
        "bool": {
          "count": 112573001,
          "unique_values": {
            "false": 1878924,
            "true": 110694077
          }
        }
      }
    },
    "can_mod_post": {
      "count": 112573001,
      "prevalence": 1.0,
      "value_types": {
        "bool": {
          "count": 112573001,
          "unique_values": {
            "false": 112573001
          }
        }
      }
    },
    "collapsed": {
      "count": 112573001,
      "prevalence": 1.0,
      "value_types": {
        "bool": {
          "count": 112573001,
          "unique_values": {
            "false": 106701105,
            "true": 5871896
          }
        }
      }
    },
    "collapsed_reason": {
      "count": 112573001,
      "prevalence": 1.0,
      "value_types": {
        "null": {
          "count": 110971121
        },
        "str": {
          "count": 1601880,
          "length_sum": 46454520,
          "max_length": 29,
          "mean_length": 29.0,
          "min_length": 29,
          "unique_values": {
            "comment score below threshold": 1601880
          }
        }
      }
    },
    "controversiality": {
      "count": 112573001,
      "prevalence": 1.0,
      "value_types": {
        "int": {
          "count": 112573001,
          "max": 1,
          "mean": 0.022282802960898237,
          "min": 0,
          "sum": 2508442,
          "unique_values": {
            "0": 110064559,
            "1": 2508442
          }
        }
      }
    },
    "created_utc": {
      "count": 112573001,
      "prevalence": 1.0,
      "value_types": {
        "int": {
          "count": 112573001,
          "max": 1543622399,
          "mean": 1542350962.450418,
          "min": 1541030400,
          "sum": 173627076438281860,
          "unique_values": "Too Many"
        }
      }
    },
    "distinguished": {
      "count": 112573001,
      "prevalence": 1.0,
      "value_types": {
        "null": {
          "count": 110809285
        },